719,Error,Unable to geocode address for line 719
19,Error,Unable to geocode address for line 19
626,Error,Unable to geocode address for line 626
307,Error,Unable to geocode address for line 307
621,Error,Unable to geocode address for line 621
459,Error,Unable to geocode address for line 459
949,Error,Unable to geocode address for line 949
499,Error,Unable to geocode address for line 499
448,Error,Unable to geocode address for line 448
423,Error,Unable to geocode address for line 423
495,Error,Unable to geocode address for line 495
472,Error,Unable to geocode address for line 472
601,Error,Unable to geocode address for line 601
864,Error,Unable to geocode address for line 864
597,Error,Unable to geocode address for line 597
51,Error,Unable to geocode address for line 51
471,Error,Unable to geocode address for line 471
594,Error,Unable to geocode address for line 594
1076,Error,Unable to geocode address for line 1076
989,Error,Unable to geocode address for line 989
83,Error,Unable to geocode address for line 83
23,Error,Unable to geocode address for line 23
301,Error,Unable to geocode address for line 301
9,Error,Unable to geocode address for line 9
86,Error,Unable to geocode address for line 86
294,Error,Unable to geocode address for line 294
87,Error,Unable to geocode address for line 87
138,Error,Unable to geocode address for line 138
139,Error,Unable to geocode address for line 139
396,Error,Unable to geocode address for line 396
140,Error,Unable to geocode address for line 140
237,Error,Unable to geocode address for line 237
467,Error,Unable to geocode address for line 467
508,Error,Unable to geocode address for line 508
648,Error,Unable to geocode address for line 648
241,Error,Unable to geocode address for line 241
348,Error,Unable to geocode address for line 348
796,Error,Unable to geocode address for line 796
530,Error,Unable to geocode address for line 530
317,Error,Unable to geocode address for line 317
2,Error,Unable to geocode address for line 2
506,Error,Unable to geocode address for line 506
70,Error,Unable to geocode address for line 70
53,Ok,Successfully imported line 53
54,Ok,Successfully imported line 54
55,Ok,Successfully imported line 55
57,Ok,Successfully imported line 57
59,Ok,Successfully imported line 59
60,Ok,Successfully imported line 60
61,Ok,Successfully imported line 61
62,Ok,Successfully imported line 62
63,Ok,Successfully imported line 63
64,Ok,Successfully imported line 64
65,Ok,Successfully imported line 65
66,Ok,Successfully imported line 66
68,Ok,Successfully imported line 68
69,Ok,Successfully imported line 69
71,Ok,Successfully imported line 71
72,Ok,Successfully imported line 72
75,Ok,Successfully imported line 75
77,Ok,Successfully imported line 77
79,Ok,Successfully imported line 79
81,Ok,Successfully imported line 81
82,Ok,Successfully imported line 82
84,Ok,Successfully imported line 84
85,Ok,Successfully imported line 85
88,Ok,Successfully imported line 88
89,Ok,Successfully imported line 89
91,Ok,Successfully imported line 91
92,Ok,Successfully imported line 92
93,Ok,Successfully imported line 93
94,Ok,Successfully imported line 94
95,Ok,Successfully imported line 95
96,Ok,Successfully imported line 96
97,Ok,Successfully imported line 97
98,Ok,Successfully imported line 98
99,Ok,Successfully imported line 99
100,Ok,Successfully imported line 100
101,Ok,Successfully imported line 101
102,Ok,Successfully imported line 102
103,Ok,Successfully imported line 103
104,Ok,Successfully imported line 104
105,Ok,Successfully imported line 105
106,Ok,Successfully imported line 106
107,Ok,Successfully imported line 107
108,Ok,Successfully imported line 108
109,Ok,Successfully imported line 109
111,Ok,Successfully imported line 111
112,Ok,Successfully imported line 112
113,Ok,Successfully imported line 113
114,Ok,Successfully imported line 114
116,Ok,Successfully imported line 116
117,Ok,Successfully imported line 117
118,Ok,Successfully imported line 118
119,Ok,Successfully imported line 119
120,Ok,Successfully imported line 120
121,Ok,Successfully imported line 121
125,Ok,Successfully imported line 125
126,Ok,Successfully imported line 126
127,Ok,Successfully imported line 127
128,Ok,Successfully imported line 128
130,Ok,Successfully imported line 130
131,Ok,Successfully imported line 131
132,Ok,Successfully imported line 132
133,Ok,Successfully imported line 133
134,Ok,Successfully imported line 134
135,Ok,Successfully imported line 135
136,Ok,Successfully imported line 136
137,Ok,Successfully imported line 137
142,Ok,Successfully imported line 142
143,Ok,Successfully imported line 143
144,Ok,Successfully imported line 144
145,Ok,Successfully imported line 145
146,Ok,Successfully imported line 146
147,Ok,Successfully imported line 147
148,Ok,Successfully imported line 148
149,Ok,Successfully imported line 149
150,Ok,Successfully imported line 150
151,Ok,Successfully imported line 151
152,Ok,Successfully imported line 152
154,Ok,Successfully imported line 154
155,Ok,Successfully imported line 155
158,Ok,Successfully imported line 158
159,Ok,Successfully imported line 159
160,Ok,Successfully imported line 160
161,Ok,Successfully imported line 161
162,Ok,Successfully imported line 162
163,Ok,Successfully imported line 163
164,Ok,Successfully imported line 164
165,Ok,Successfully imported line 165
166,Ok,Successfully imported line 166
167,Ok,Successfully imported line 167
168,Ok,Successfully imported line 168
169,Ok,Successfully imported line 169
170,Ok,Successfully imported line 170
171,Ok,Successfully imported line 171
172,Ok,Successfully imported line 172
173,Ok,Successfully imported line 173
174,Ok,Successfully imported line 174
176,Ok,Successfully imported line 176
177,Ok,Successfully imported line 177
178,Ok,Successfully imported line 178
179,Ok,Successfully imported line 179
181,Ok,Successfully imported line 181
182,Ok,Successfully imported line 182
184,Ok,Successfully imported line 184
185,Ok,Successfully imported line 185
186,Ok,Successfully imported line 186
187,Ok,Successfully imported line 187
188,Ok,Successfully imported line 188
189,Ok,Successfully imported line 189
191,Ok,Successfully imported line 191
192,Ok,Successfully imported line 192
193,Ok,Successfully imported line 193
194,Ok,Successfully imported line 194
195,Ok,Successfully imported line 195
196,Ok,Successfully imported line 196
197,Ok,Successfully imported line 197
198,Ok,Successfully imported line 198
199,Ok,Successfully imported line 199
200,Ok,Successfully imported line 200
201,Ok,Successfully imported line 201
221,Ok,Successfully imported line 221
222,Ok,Successfully imported line 222
223,Ok,Successfully imported line 223
224,Ok,Successfully imported line 224
225,Ok,Successfully imported line 225
226,Ok,Successfully imported line 226
227,Ok,Successfully imported line 227
229,Ok,Successfully imported line 229
230,Ok,Successfully imported line 230
232,Ok,Successfully imported line 232
233,Ok,Successfully imported line 233
234,Ok,Successfully imported line 234
235,Ok,Successfully imported line 235
236,Ok,Successfully imported line 236
238,Ok,Successfully imported line 238
239,Ok,Successfully imported line 239
240,Ok,Successfully imported line 240
242,Ok,Successfully imported line 242
243,Ok,Successfully imported line 243
244,Ok,Successfully imported line 244
245,Ok,Successfully imported line 245
246,Ok,Successfully imported line 246
247,Ok,Successfully imported line 247
248,Ok,Successfully imported line 248
1131,Ok,Successfully imported line 1131
3,Ok,Successfully imported line 3
4,Ok,Successfully imported line 4
5,Ok,Successfully imported line 5
6,Ok,Successfully imported line 6
7,Ok,Successfully imported line 7
8,Ok,Successfully imported line 8
10,Ok,Successfully imported line 10
11,Ok,Successfully imported line 11
12,Ok,Successfully imported line 12
13,Ok,Successfully imported line 13
14,Ok,Successfully imported line 14
15,Ok,Successfully imported line 15
16,Ok,Successfully imported line 16
17,Ok,Successfully imported line 17
18,Ok,Successfully imported line 18
20,Ok,Successfully imported line 20
21,Ok,Successfully imported line 21
22,Ok,Successfully imported line 22
24,Ok,Successfully imported line 24
25,Ok,Successfully imported line 25
26,Ok,Successfully imported line 26
27,Ok,Successfully imported line 27
28,Ok,Successfully imported line 28
29,Ok,Successfully imported line 29
30,Ok,Successfully imported line 30
32,Ok,Successfully imported line 32
33,Ok,Successfully imported line 33
34,Ok,Successfully imported line 34
35,Ok,Successfully imported line 35
36,Ok,Successfully imported line 36
38,Ok,Successfully imported line 38
39,Ok,Successfully imported line 39
40,Ok,Successfully imported line 40
41,Ok,Successfully imported line 41
43,Ok,Successfully imported line 43
44,Ok,Successfully imported line 44
45,Ok,Successfully imported line 45
46,Ok,Successfully imported line 46
47,Ok,Successfully imported line 47
48,Ok,Successfully imported line 48
49,Ok,Successfully imported line 49
52,Ok,Successfully imported line 52
925,Ok,Successfully imported line 925
926,Ok,Successfully imported line 926
927,Ok,Successfully imported line 927
929,Ok,Successfully imported line 929
931,Ok,Successfully imported line 931
932,Ok,Successfully imported line 932
933,Ok,Successfully imported line 933
936,Ok,Successfully imported line 936
937,Ok,Successfully imported line 937
938,Ok,Successfully imported line 938
939,Ok,Successfully imported line 939
940,Ok,Successfully imported line 940
941,Ok,Successfully imported line 941
942,Ok,Successfully imported line 942
943,Ok,Successfully imported line 943
944,Ok,Successfully imported line 944
945,Ok,Successfully imported line 945
946,Ok,Successfully imported line 946
948,Ok,Successfully imported line 948
950,Ok,Successfully imported line 950
951,Ok,Successfully imported line 951
952,Ok,Successfully imported line 952
953,Ok,Successfully imported line 953
955,Ok,Successfully imported line 955
956,Ok,Successfully imported line 956
957,Ok,Successfully imported line 957
958,Ok,Successfully imported line 958
959,Ok,Successfully imported line 959
960,Ok,Successfully imported line 960
961,Ok,Successfully imported line 961
962,Ok,Successfully imported line 962
963,Ok,Successfully imported line 963
964,Ok,Successfully imported line 964
965,Ok,Successfully imported line 965
966,Ok,Successfully imported line 966
967,Ok,Successfully imported line 967
968,Ok,Successfully imported line 968
969,Ok,Successfully imported line 969
971,Ok,Successfully imported line 971
972,Ok,Successfully imported line 972
974,Ok,Successfully imported line 974
976,Ok,Successfully imported line 976
978,Ok,Successfully imported line 978
979,Ok,Successfully imported line 979
980,Ok,Successfully imported line 980
981,Ok,Successfully imported line 981
982,Ok,Successfully imported line 982
983,Ok,Successfully imported line 983
985,Ok,Successfully imported line 985
987,Ok,Successfully imported line 987
988,Ok,Successfully imported line 988
990,Ok,Successfully imported line 990
991,Ok,Successfully imported line 991
993,Ok,Successfully imported line 993
994,Ok,Successfully imported line 994
995,Ok,Successfully imported line 995
996,Ok,Successfully imported line 996
997,Ok,Successfully imported line 997
998,Ok,Successfully imported line 998
999,Ok,Successfully imported line 999
1000,Ok,Successfully imported line 1000
1001,Ok,Successfully imported line 1001
1004,Ok,Successfully imported line 1004
1005,Ok,Successfully imported line 1005
1007,Ok,Successfully imported line 1007
1008,Ok,Successfully imported line 1008
1010,Ok,Successfully imported line 1010
1011,Ok,Successfully imported line 1011
1014,Ok,Successfully imported line 1014
1015,Ok,Successfully imported line 1015
1016,Ok,Successfully imported line 1016
1018,Ok,Successfully imported line 1018
1019,Ok,Successfully imported line 1019
1020,Ok,Successfully imported line 1020
1021,Ok,Successfully imported line 1021
1022,Ok,Successfully imported line 1022
1023,Ok,Successfully imported line 1023
1024,Ok,Successfully imported line 1024
1025,Ok,Successfully imported line 1025
1026,Ok,Successfully imported line 1026
1029,Ok,Successfully imported line 1029
1030,Ok,Successfully imported line 1030
1031,Ok,Successfully imported line 1031
1032,Ok,Successfully imported line 1032
1034,Ok,Successfully imported line 1034
1035,Ok,Successfully imported line 1035
1036,Ok,Successfully imported line 1036
1038,Ok,Successfully imported line 1038
1039,Ok,Successfully imported line 1039
1040,Ok,Successfully imported line 1040
1041,Ok,Successfully imported line 1041
1042,Ok,Successfully imported line 1042
1043,Ok,Successfully imported line 1043
1045,Ok,Successfully imported line 1045
1047,Ok,Successfully imported line 1047
1048,Ok,Successfully imported line 1048
1050,Ok,Successfully imported line 1050
1051,Ok,Successfully imported line 1051
1052,Ok,Successfully imported line 1052
1053,Ok,Successfully imported line 1053
1054,Ok,Successfully imported line 1054
1055,Ok,Successfully imported line 1055
1056,Ok,Successfully imported line 1056
1057,Ok,Successfully imported line 1057
1058,Ok,Successfully imported line 1058
1059,Ok,Successfully imported line 1059
1060,Ok,Successfully imported line 1060
1062,Ok,Successfully imported line 1062
1063,Ok,Successfully imported line 1063
1064,Ok,Successfully imported line 1064
1065,Ok,Successfully imported line 1065
1066,Ok,Successfully imported line 1066
1067,Ok,Successfully imported line 1067
1068,Ok,Successfully imported line 1068
1069,Ok,Successfully imported line 1069
1070,Ok,Successfully imported line 1070
1071,Ok,Successfully imported line 1071
1073,Ok,Successfully imported line 1073
1074,Ok,Successfully imported line 1074
1078,Ok,Successfully imported line 1078
1079,Ok,Successfully imported line 1079
1080,Ok,Successfully imported line 1080
1081,Ok,Successfully imported line 1081
1082,Ok,Successfully imported line 1082
1083,Ok,Successfully imported line 1083
1084,Ok,Successfully imported line 1084
1085,Ok,Successfully imported line 1085
1087,Ok,Successfully imported line 1087
1089,Ok,Successfully imported line 1089
1091,Ok,Successfully imported line 1091
1092,Ok,Successfully imported line 1092
1093,Ok,Successfully imported line 1093
1094,Ok,Successfully imported line 1094
1095,Ok,Successfully imported line 1095
1097,Ok,Successfully imported line 1097
1100,Ok,Successfully imported line 1100
1101,Ok,Successfully imported line 1101
1102,Ok,Successfully imported line 1102
1103,Ok,Successfully imported line 1103
1104,Ok,Successfully imported line 1104
1105,Ok,Successfully imported line 1105
1106,Ok,Successfully imported line 1106
1107,Ok,Successfully imported line 1107
1108,Ok,Successfully imported line 1108
1109,Ok,Successfully imported line 1109
1110,Ok,Successfully imported line 1110
1112,Ok,Successfully imported line 1112
1118,Ok,Successfully imported line 1118
1119,Ok,Successfully imported line 1119
1121,Ok,Successfully imported line 1121
1122,Ok,Successfully imported line 1122
1123,Ok,Successfully imported line 1123
1124,Ok,Successfully imported line 1124
1125,Ok,Successfully imported line 1125
1126,Ok,Successfully imported line 1126
1127,Ok,Successfully imported line 1127
1128,Ok,Successfully imported line 1128
1129,Ok,Successfully imported line 1129
1130,Ok,Successfully imported line 1130
1,Ok,Successfully imported line 1
250,Ok,Successfully imported line 250
251,Ok,Successfully imported line 251
252,Ok,Successfully imported line 252
253,Ok,Successfully imported line 253
254,Ok,Successfully imported line 254
256,Ok,Successfully imported line 256
257,Ok,Successfully imported line 257
258,Ok,Successfully imported line 258
259,Ok,Successfully imported line 259
260,Ok,Successfully imported line 260
261,Ok,Successfully imported line 261
262,Ok,Successfully imported line 262
263,Ok,Successfully imported line 263
265,Ok,Successfully imported line 265
266,Ok,Successfully imported line 266
267,Ok,Successfully imported line 267
268,Ok,Successfully imported line 268
269,Ok,Successfully imported line 269
270,Ok,Successfully imported line 270
271,Ok,Successfully imported line 271
272,Ok,Successfully imported line 272
273,Ok,Successfully imported line 273
274,Ok,Successfully imported line 274
275,Ok,Successfully imported line 275
276,Ok,Successfully imported line 276
277,Ok,Successfully imported line 277
278,Ok,Successfully imported line 278
279,Ok,Successfully imported line 279
280,Ok,Successfully imported line 280
284,Ok,Successfully imported line 284
285,Ok,Successfully imported line 285
287,Ok,Successfully imported line 287
288,Ok,Successfully imported line 288
289,Ok,Successfully imported line 289
290,Ok,Successfully imported line 290
291,Ok,Successfully imported line 291
292,Ok,Successfully imported line 292
293,Ok,Successfully imported line 293
295,Ok,Successfully imported line 295
297,Ok,Successfully imported line 297
299,Ok,Successfully imported line 299
302,Ok,Successfully imported line 302
303,Ok,Successfully imported line 303
304,Ok,Successfully imported line 304
305,Ok,Successfully imported line 305
306,Ok,Successfully imported line 306
308,Ok,Successfully imported line 308
309,Ok,Successfully imported line 309
311,Ok,Successfully imported line 311
312,Ok,Successfully imported line 312
313,Ok,Successfully imported line 313
314,Ok,Successfully imported line 314
315,Ok,Successfully imported line 315
316,Ok,Successfully imported line 316
318,Ok,Successfully imported line 318
319,Ok,Successfully imported line 319
320,Ok,Successfully imported line 320
337,Ok,Successfully imported line 337
338,Ok,Successfully imported line 338
339,Ok,Successfully imported line 339
340,Ok,Successfully imported line 340
341,Ok,Successfully imported line 341
342,Ok,Successfully imported line 342
344,Ok,Successfully imported line 344
345,Ok,Successfully imported line 345
347,Ok,Successfully imported line 347
349,Ok,Successfully imported line 349
351,Ok,Successfully imported line 351
352,Ok,Successfully imported line 352
353,Ok,Successfully imported line 353
354,Ok,Successfully imported line 354
355,Ok,Successfully imported line 355
357,Ok,Successfully imported line 357
358,Ok,Successfully imported line 358
359,Ok,Successfully imported line 359
360,Ok,Successfully imported line 360
361,Ok,Successfully imported line 361
362,Ok,Successfully imported line 362
364,Ok,Successfully imported line 364
365,Ok,Successfully imported line 365
367,Ok,Successfully imported line 367
368,Ok,Successfully imported line 368
369,Ok,Successfully imported line 369
370,Ok,Successfully imported line 370
371,Ok,Successfully imported line 371
372,Ok,Successfully imported line 372
373,Ok,Successfully imported line 373
374,Ok,Successfully imported line 374
375,Ok,Successfully imported line 375
376,Ok,Successfully imported line 376
377,Ok,Successfully imported line 377
378,Ok,Successfully imported line 378
380,Ok,Successfully imported line 380
381,Ok,Successfully imported line 381
382,Ok,Successfully imported line 382
383,Ok,Successfully imported line 383
384,Ok,Successfully imported line 384
385,Ok,Successfully imported line 385
386,Ok,Successfully imported line 386
387,Ok,Successfully imported line 387
388,Ok,Successfully imported line 388
389,Ok,Successfully imported line 389
390,Ok,Successfully imported line 390
391,Ok,Successfully imported line 391
392,Ok,Successfully imported line 392
393,Ok,Successfully imported line 393
394,Ok,Successfully imported line 394
395,Ok,Successfully imported line 395
397,Ok,Successfully imported line 397
398,Ok,Successfully imported line 398
399,Ok,Successfully imported line 399
400,Ok,Successfully imported line 400
401,Ok,Successfully imported line 401
402,Ok,Successfully imported line 402
403,Ok,Successfully imported line 403
404,Ok,Successfully imported line 404
405,Ok,Successfully imported line 405
406,Ok,Successfully imported line 406
407,Ok,Successfully imported line 407
408,Ok,Successfully imported line 408
409,Ok,Successfully imported line 409
410,Ok,Successfully imported line 410
411,Ok,Successfully imported line 411
412,Ok,Successfully imported line 412
414,Ok,Successfully imported line 414
415,Ok,Successfully imported line 415
416,Ok,Successfully imported line 416
417,Ok,Successfully imported line 417
418,Ok,Successfully imported line 418
419,Ok,Successfully imported line 419
420,Ok,Successfully imported line 420
421,Ok,Successfully imported line 421
422,Ok,Successfully imported line 422
424,Ok,Successfully imported line 424
425,Ok,Successfully imported line 425
427,Ok,Successfully imported line 427
428,Ok,Successfully imported line 428
429,Ok,Successfully imported line 429
430,Ok,Successfully imported line 430
432,Ok,Successfully imported line 432
433,Ok,Successfully imported line 433
434,Ok,Successfully imported line 434
435,Ok,Successfully imported line 435
436,Ok,Successfully imported line 436
437,Ok,Successfully imported line 437
438,Ok,Successfully imported line 438
439,Ok,Successfully imported line 439
440,Ok,Successfully imported line 440
441,Ok,Successfully imported line 441
442,Ok,Successfully imported line 442
443,Ok,Successfully imported line 443
444,Ok,Successfully imported line 444
445,Ok,Successfully imported line 445
446,Ok,Successfully imported line 446
449,Ok,Successfully imported line 449
450,Ok,Successfully imported line 450
451,Ok,Successfully imported line 451
452,Ok,Successfully imported line 452
453,Ok,Successfully imported line 453
454,Ok,Successfully imported line 454
455,Ok,Successfully imported line 455
456,Ok,Successfully imported line 456
457,Ok,Successfully imported line 457
458,Ok,Successfully imported line 458
460,Ok,Successfully imported line 460
461,Ok,Successfully imported line 461
462,Ok,Successfully imported line 462
463,Ok,Successfully imported line 463
464,Ok,Successfully imported line 464
465,Ok,Successfully imported line 465
466,Ok,Successfully imported line 466
468,Ok,Successfully imported line 468
469,Ok,Successfully imported line 469
470,Ok,Successfully imported line 470
473,Ok,Successfully imported line 473
474,Ok,Successfully imported line 474
477,Ok,Successfully imported line 477
478,Ok,Successfully imported line 478
480,Ok,Successfully imported line 480
481,Ok,Successfully imported line 481
482,Ok,Successfully imported line 482
483,Ok,Successfully imported line 483
484,Ok,Successfully imported line 484
485,Ok,Successfully imported line 485
486,Ok,Successfully imported line 486
487,Ok,Successfully imported line 487
488,Ok,Successfully imported line 488
489,Ok,Successfully imported line 489
490,Ok,Successfully imported line 490
492,Ok,Successfully imported line 492
493,Ok,Successfully imported line 493
494,Ok,Successfully imported line 494
496,Ok,Successfully imported line 496
497,Ok,Successfully imported line 497
500,Ok,Successfully imported line 500
501,Ok,Successfully imported line 501
502,Ok,Successfully imported line 502
503,Ok,Successfully imported line 503
511,Ok,Successfully imported line 511
512,Ok,Successfully imported line 512
514,Ok,Successfully imported line 514
516,Ok,Successfully imported line 516
517,Ok,Successfully imported line 517
518,Ok,Successfully imported line 518
519,Ok,Successfully imported line 519
521,Ok,Successfully imported line 521
522,Ok,Successfully imported line 522
524,Ok,Successfully imported line 524
525,Ok,Successfully imported line 525
528,Ok,Successfully imported line 528
529,Ok,Successfully imported line 529
531,Ok,Successfully imported line 531
532,Ok,Successfully imported line 532
533,Ok,Successfully imported line 533
534,Ok,Successfully imported line 534
535,Ok,Successfully imported line 535
536,Ok,Successfully imported line 536
560,Ok,Successfully imported line 560
561,Ok,Successfully imported line 561
562,Ok,Successfully imported line 562
563,Ok,Successfully imported line 563
564,Ok,Successfully imported line 564
565,Ok,Successfully imported line 565
566,Ok,Successfully imported line 566
567,Ok,Successfully imported line 567
568,Ok,Successfully imported line 568
569,Ok,Successfully imported line 569
570,Ok,Successfully imported line 570
571,Ok,Successfully imported line 571
572,Ok,Successfully imported line 572
573,Ok,Successfully imported line 573
574,Ok,Successfully imported line 574
575,Ok,Successfully imported line 575
576,Ok,Successfully imported line 576
577,Ok,Successfully imported line 577
578,Ok,Successfully imported line 578
579,Ok,Successfully imported line 579
580,Ok,Successfully imported line 580
581,Ok,Successfully imported line 581
582,Ok,Successfully imported line 582
583,Ok,Successfully imported line 583
585,Ok,Successfully imported line 585
586,Ok,Successfully imported line 586
587,Ok,Successfully imported line 587
588,Ok,Successfully imported line 588
589,Ok,Successfully imported line 589
592,Ok,Successfully imported line 592
595,Ok,Successfully imported line 595
596,Ok,Successfully imported line 596
598,Ok,Successfully imported line 598
599,Ok,Successfully imported line 599
600,Ok,Successfully imported line 600
602,Ok,Successfully imported line 602
603,Ok,Successfully imported line 603
604,Ok,Successfully imported line 604
605,Ok,Successfully imported line 605
606,Ok,Successfully imported line 606
607,Ok,Successfully imported line 607
608,Ok,Successfully imported line 608
610,Ok,Successfully imported line 610
611,Ok,Successfully imported line 611
612,Ok,Successfully imported line 612
613,Ok,Successfully imported line 613
614,Ok,Successfully imported line 614
615,Ok,Successfully imported line 615
616,Ok,Successfully imported line 616
617,Ok,Successfully imported line 617
618,Ok,Successfully imported line 618
619,Ok,Successfully imported line 619
620,Ok,Successfully imported line 620
622,Ok,Successfully imported line 622
624,Ok,Successfully imported line 624
625,Ok,Successfully imported line 625
627,Ok,Successfully imported line 627
628,Ok,Successfully imported line 628
630,Ok,Successfully imported line 630
632,Ok,Successfully imported line 632
633,Ok,Successfully imported line 633
634,Ok,Successfully imported line 634
637,Ok,Successfully imported line 637
638,Ok,Successfully imported line 638
639,Ok,Successfully imported line 639
640,Ok,Successfully imported line 640
641,Ok,Successfully imported line 641
642,Ok,Successfully imported line 642
643,Ok,Successfully imported line 643
644,Ok,Successfully imported line 644
645,Ok,Successfully imported line 645
646,Ok,Successfully imported line 646
647,Ok,Successfully imported line 647
649,Ok,Successfully imported line 649
650,Ok,Successfully imported line 650
651,Ok,Successfully imported line 651
652,Ok,Successfully imported line 652
653,Ok,Successfully imported line 653
655,Ok,Successfully imported line 655
657,Ok,Successfully imported line 657
658,Ok,Successfully imported line 658
659,Ok,Successfully imported line 659
689,Ok,Successfully imported line 689
690,Ok,Successfully imported line 690
692,Ok,Successfully imported line 692
693,Ok,Successfully imported line 693
694,Ok,Successfully imported line 694
695,Ok,Successfully imported line 695
696,Ok,Successfully imported line 696
697,Ok,Successfully imported line 697
698,Ok,Successfully imported line 698
699,Ok,Successfully imported line 699
700,Ok,Successfully imported line 700
701,Ok,Successfully imported line 701
702,Ok,Successfully imported line 702
703,Ok,Successfully imported line 703
704,Ok,Successfully imported line 704
705,Ok,Successfully imported line 705
706,Ok,Successfully imported line 706
707,Ok,Successfully imported line 707
708,Ok,Successfully imported line 708
709,Ok,Successfully imported line 709
711,Ok,Successfully imported line 711
712,Ok,Successfully imported line 712
713,Ok,Successfully imported line 713
714,Ok,Successfully imported line 714
715,Ok,Successfully imported line 715
716,Ok,Successfully imported line 716
717,Ok,Successfully imported line 717
720,Ok,Successfully imported line 720
721,Ok,Successfully imported line 721
722,Ok,Successfully imported line 722
723,Ok,Successfully imported line 723
724,Ok,Successfully imported line 724
725,Ok,Successfully imported line 725
726,Ok,Successfully imported line 726
727,Ok,Successfully imported line 727
728,Ok,Successfully imported line 728
730,Ok,Successfully imported line 730
731,Ok,Successfully imported line 731
733,Ok,Successfully imported line 733
735,Ok,Successfully imported line 735
736,Ok,Successfully imported line 736
737,Ok,Successfully imported line 737
738,Ok,Successfully imported line 738
740,Ok,Successfully imported line 740
741,Ok,Successfully imported line 741
743,Ok,Successfully imported line 743
744,Ok,Successfully imported line 744
745,Ok,Successfully imported line 745
747,Ok,Successfully imported line 747
748,Ok,Successfully imported line 748
749,Ok,Successfully imported line 749
750,Ok,Successfully imported line 750
751,Ok,Successfully imported line 751
752,Ok,Successfully imported line 752
753,Ok,Successfully imported line 753
754,Ok,Successfully imported line 754
756,Ok,Successfully imported line 756
758,Ok,Successfully imported line 758
759,Ok,Successfully imported line 759
760,Ok,Successfully imported line 760
761,Ok,Successfully imported line 761
762,Ok,Successfully imported line 762
763,Ok,Successfully imported line 763
764,Ok,Successfully imported line 764
765,Ok,Successfully imported line 765
766,Ok,Successfully imported line 766
767,Ok,Successfully imported line 767
768,Ok,Successfully imported line 768
769,Ok,Successfully imported line 769
770,Ok,Successfully imported line 770
771,Ok,Successfully imported line 771
774,Ok,Successfully imported line 774
775,Ok,Successfully imported line 775
776,Ok,Successfully imported line 776
777,Ok,Successfully imported line 777
779,Ok,Successfully imported line 779
780,Ok,Successfully imported line 780
781,Ok,Successfully imported line 781
782,Ok,Successfully imported line 782
783,Ok,Successfully imported line 783
784,Ok,Successfully imported line 784
785,Ok,Successfully imported line 785
786,Ok,Successfully imported line 786
787,Ok,Successfully imported line 787
788,Ok,Successfully imported line 788
790,Ok,Successfully imported line 790
792,Ok,Successfully imported line 792
793,Ok,Successfully imported line 793
794,Ok,Successfully imported line 794
795,Ok,Successfully imported line 795
797,Ok,Successfully imported line 797
798,Ok,Successfully imported line 798
799,Ok,Successfully imported line 799
802,Ok,Successfully imported line 802
803,Ok,Successfully imported line 803
804,Ok,Successfully imported line 804
805,Ok,Successfully imported line 805
806,Ok,Successfully imported line 806
807,Ok,Successfully imported line 807
809,Ok,Successfully imported line 809
810,Ok,Successfully imported line 810
811,Ok,Successfully imported line 811
812,Ok,Successfully imported line 812
813,Ok,Successfully imported line 813
814,Ok,Successfully imported line 814
815,Ok,Successfully imported line 815
816,Ok,Successfully imported line 816
818,Ok,Successfully imported line 818
819,Ok,Successfully imported line 819
820,Ok,Successfully imported line 820
821,Ok,Successfully imported line 821
822,Ok,Successfully imported line 822
823,Ok,Successfully imported line 823
824,Ok,Successfully imported line 824
825,Ok,Successfully imported line 825
826,Ok,Successfully imported line 826
828,Ok,Successfully imported line 828
830,Ok,Successfully imported line 830
831,Ok,Successfully imported line 831
832,Ok,Successfully imported line 832
833,Ok,Successfully imported line 833
834,Ok,Successfully imported line 834
835,Ok,Successfully imported line 835
836,Ok,Successfully imported line 836
837,Ok,Successfully imported line 837
838,Ok,Successfully imported line 838
839,Ok,Successfully imported line 839
840,Ok,Successfully imported line 840
841,Ok,Successfully imported line 841
842,Ok,Successfully imported line 842
843,Ok,Successfully imported line 843
844,Ok,Successfully imported line 844
846,Ok,Successfully imported line 846
847,Ok,Successfully imported line 847
851,Ok,Successfully imported line 851
852,Ok,Successfully imported line 852
853,Ok,Successfully imported line 853
854,Ok,Successfully imported line 854
855,Ok,Successfully imported line 855
856,Ok,Successfully imported line 856
857,Ok,Successfully imported line 857
858,Ok,Successfully imported line 858
859,Ok,Successfully imported line 859
860,Ok,Successfully imported line 860
861,Ok,Successfully imported line 861
862,Ok,Successfully imported line 862
863,Ok,Successfully imported line 863
867,Ok,Successfully imported line 867
869,Ok,Successfully imported line 869
870,Ok,Successfully imported line 870
871,Ok,Successfully imported line 871
872,Ok,Successfully imported line 872
873,Ok,Successfully imported line 873
875,Ok,Successfully imported line 875
876,Ok,Successfully imported line 876
877,Ok,Successfully imported line 877
878,Ok,Successfully imported line 878
879,Ok,Successfully imported line 879
880,Ok,Successfully imported line 880
881,Ok,Successfully imported line 881
882,Ok,Successfully imported line 882
883,Ok,Successfully imported line 883
884,Ok,Successfully imported line 884
885,Ok,Successfully imported line 885
887,Ok,Successfully imported line 887
888,Ok,Successfully imported line 888
889,Ok,Successfully imported line 889
910,Ok,Successfully imported line 910
913,Ok,Successfully imported line 913
916,Ok,Successfully imported line 916
918,Ok,Successfully imported line 918
919,Ok,Successfully imported line 919
920,Ok,Successfully imported line 920
921,Ok,Successfully imported line 921
924,Ok,Successfully imported line 924
249,Skipped,Skipped line 249: Le libellé client existe déjà.
37,Skipped,Skipped line 37: Le libellé client existe déjà.
426,Skipped,Skipped line 426: Le libellé client existe déjà.
947,Skipped,Skipped line 947: Le libellé client existe déjà.
584,Skipped,Skipped line 584: Le libellé client existe déjà.
718,Skipped,Skipped line 718: Le libellé client existe déjà.
255,Skipped,Skipped line 255: Le libellé client existe déjà.
58,Skipped,Skipped line 58: Le libellé client existe déjà.
431,Skipped,Skipped line 431: Le libellé client existe déjà.
1113,Skipped,Skipped line 1113: Le libellé client existe déjà.
42,Skipped,Skipped line 42: Le libellé client existe déjà.
874,Skipped,Skipped line 874: Le libellé client existe déjà.
590,Skipped,Skipped line 590: Le libellé client existe déjà.
591,Skipped,Skipped line 591: Le libellé client existe déjà.
1049,Skipped,Skipped line 1049: Le libellé client existe déjà.
264,Skipped,Skipped line 264: Le libellé client existe déjà.
593,Skipped,Skipped line 593: Le libellé client existe déjà.
80,Skipped,Skipped line 80: Le libellé client existe déjà.
808,Skipped,Skipped line 808: Le libellé client existe déjà.
992,Skipped,Skipped line 992: Le libellé client existe déjà.
78,Skipped,Skipped line 78: Le libellé client existe déjà.
1098,Skipped,Skipped line 1098: Error during geocoding: Erreur lors de la requête de géocodage : statut 400
1086,Skipped,Skipped line 1086: Le libellé client existe déjà.
954,Skipped,Skipped line 954: Le libellé client existe déjà.
76,Skipped,Skipped line 76: Le libellé client existe déjà.
447,Skipped,Skipped line 447: Le libellé client existe déjà.
156,Skipped,Skipped line 156: Le libellé client existe déjà.
729,Skipped,Skipped line 729: Le libellé client existe déjà.
1027,Skipped,Skipped line 1027: Le libellé client existe déjà.
1028,Skipped,Skipped line 1028: Le libellé client existe déjà.
732,Skipped,Skipped line 732: Le libellé client existe déjà.
1099,Skipped,Skipped line 1099: Le libellé client existe déjà.
281,Skipped,Skipped line 281: Le libellé client existe déjà.
282,Skipped,Skipped line 282: Le libellé client existe déjà.
283,Skipped,Skipped line 283: Le libellé client existe déjà.
734,Skipped,Skipped line 734: Le libellé client existe déjà.
1088,Skipped,Skipped line 1088: Error during geocoding: Erreur lors de la requête de géocodage : statut 400
286,Skipped,Skipped line 286: Le libellé client existe déjà.
609,Skipped,Skipped line 609: Le libellé client existe déjà.
817,Skipped,Skipped line 817: Le libellé client existe déjà.
1072,Skipped,Skipped line 1072: Le libellé client existe déjà.
153,Skipped,Skipped line 153: Le libellé client existe déjà.
1114,Skipped,Skipped line 1114: Le libellé client existe déjà.
739,Skipped,Skipped line 739: Le libellé client existe déjà.
886,Skipped,Skipped line 886: Le libellé client existe déjà.
231,Skipped,Skipped line 231: Le libellé client existe déjà.
1033,Skipped,Skipped line 1033: Le libellé client existe déjà.
296,Skipped,Skipped line 296: Le libellé client existe déjà.
742,Skipped,Skipped line 742: Le libellé client existe déjà.
298,Skipped,Skipped line 298: Le libellé client existe déjà.
1002,Skipped,Skipped line 1002: Le libellé client existe déjà.
300,Skipped,Skipped line 300: Le libellé client existe déjà.
228,Skipped,Skipped line 228: Le libellé client existe déjà.
1003,Skipped,Skipped line 1003: Le libellé client existe déjà.
141,Skipped,Skipped line 141: Le libellé client existe déjà.
1090,Skipped,Skipped line 1090: Le libellé client existe déjà.
746,Skipped,Skipped line 746: Le libellé client existe déjà.
74,Skipped,Skipped line 74: Le libellé client existe déjà.
190,Skipped,Skipped line 190: Le libellé client existe déjà.
129,Skipped,Skipped line 129: Le libellé client existe déjà.
124,Skipped,Skipped line 124: Le libellé client existe déjà.
310,Skipped,Skipped line 310: Le libellé client existe déjà.
911,Skipped,Skipped line 911: Le libellé client existe déjà.
623,Skipped,Skipped line 623: Le libellé client existe déjà.
475,Skipped,Skipped line 475: Le libellé client existe déjà.
476,Skipped,Skipped line 476: Le libellé client existe déjà.
912,Skipped,Skipped line 912: Le libellé client existe déjà.
827,Skipped,Skipped line 827: Le libellé client existe déjà.
183,Skipped,Skipped line 183: Le libellé client existe déjà.
479,Skipped,Skipped line 479: Le libellé client existe déjà.
73,Skipped,Skipped line 73: Le libellé client existe déjà.
1075,Skipped,Skipped line 1075: Le libellé client existe déjà.
829,Skipped,Skipped line 829: Le libellé client existe déjà.
629,Skipped,Skipped line 629: Le libellé client existe déjà.
914,Skipped,Skipped line 914: Le libellé client existe déjà.
631,Skipped,Skipped line 631: Le libellé client existe déjà.
915,Skipped,Skipped line 915: Le libellé client existe déjà.
1006,Skipped,Skipped line 1006: Le libellé client existe déjà.
343,Skipped,Skipped line 343: Le libellé client existe déjà.
755,Skipped,Skipped line 755: Le libellé client existe déjà.
635,Skipped,Skipped line 635: Le libellé client existe déjà.
346,Skipped,Skipped line 346: Le libellé client existe déjà.
636,Skipped,Skipped line 636: Le libellé client existe déjà.
180,Skipped,Skipped line 180: Le libellé client existe déjà.
491,Skipped,Skipped line 491: Le libellé client existe déjà.
350,Skipped,Skipped line 350: Le libellé client existe déjà.
917,Skipped,Skipped line 917: Le libellé client existe déjà.
757,Skipped,Skipped line 757: Le libellé client existe déjà.
31,Skipped,Skipped line 31: Le libellé client existe déjà.
123,Skipped,Skipped line 123: Le libellé client existe déjà.
1037,Skipped,Skipped line 1037: Le libellé client existe déjà.
356,Skipped,Skipped line 356: Le libellé client existe déjà.
1009,Skipped,Skipped line 1009: Le libellé client existe déjà.
498,Skipped,Skipped line 498: Le libellé client existe déjà.
122,Skipped,Skipped line 122: Le libellé client existe déjà.
970,Skipped,Skipped line 970: Le libellé client existe déjà.
922,Skipped,Skipped line 922: Le libellé client existe déjà.
923,Skipped,Skipped line 923: Le libellé client existe déjà.
363,Skipped,Skipped line 363: Le libellé client existe déjà.
1077,Skipped,Skipped line 1077: Le libellé client existe déjà.
504,Skipped,Skipped line 504: Error during geocoding: Erreur lors de la requête de géocodage : statut 504
366,Skipped,Skipped line 366: Le libellé client existe déjà.
505,Skipped,Skipped line 505: Le libellé client existe déjà.
115,Skipped,Skipped line 115: Le libellé client existe déjà.
507,Skipped,Skipped line 507: Le libellé client existe déjà.
110,Skipped,Skipped line 110: Le libellé client existe déjà.
509,Skipped,Skipped line 509: Le libellé client existe déjà.
510,Skipped,Skipped line 510: Le libellé client existe déjà.
1115,Skipped,Skipped line 1115: Le libellé client existe déjà.
973,Skipped,Skipped line 973: Le libellé client existe déjà.
513,Skipped,Skipped line 513: Le libellé client existe déjà.
67,Skipped,Skipped line 67: Le libellé client existe déjà.
515,Skipped,Skipped line 515: Le libellé client existe déjà.
1012,Skipped,Skipped line 1012: Le libellé client existe déjà.
379,Skipped,Skipped line 379: Le libellé client existe déjà.
928,Skipped,Skipped line 928: Le libellé client existe déjà.
845,Skipped,Skipped line 845: Le libellé client existe déjà.
975,Skipped,Skipped line 975: Le libellé client existe déjà.
520,Skipped,Skipped line 520: Le libellé client existe déjà.
930,Skipped,Skipped line 930: Le libellé client existe déjà.
654,Skipped,Skipped line 654: Le libellé client existe déjà.
523,Skipped,Skipped line 523: Le libellé client existe déjà.
772,Skipped,Skipped line 772: Le libellé client existe déjà.
656,Skipped,Skipped line 656: Le libellé client existe déjà.
526,Skipped,Skipped line 526: Le libellé client existe déjà.
527,Skipped,Skipped line 527: Le libellé client existe déjà.
773,Skipped,Skipped line 773: Le libellé client existe déjà.
848,Skipped,Skipped line 848: Le libellé client existe déjà.
90,Skipped,Skipped line 90: Le libellé client existe déjà.
849,Skipped,Skipped line 849: Le libellé client existe déjà.
850,Skipped,Skipped line 850: Le libellé client existe déjà.
175,Skipped,Skipped line 175: Le libellé client existe déjà.
1013,Skipped,Skipped line 1013: Le libellé client existe déjà.
691,Skipped,Skipped line 691: Le libellé client existe déjà.
778,Skipped,Skipped line 778: Le libellé client existe déjà.
977,Skipped,Skipped line 977: Le libellé client existe déjà.
1061,Skipped,Skipped line 1061: Le libellé client existe déjà.
934,Skipped,Skipped line 934: Le libellé client existe déjà.
935,Skipped,Skipped line 935: Le libellé client existe déjà.
1116,Skipped,Skipped line 1116: Le libellé client existe déjà.
1117,Skipped,Skipped line 1117: Le libellé client existe déjà.
1017,Skipped,Skipped line 1017: Le libellé client existe déjà.
1111,Skipped,Skipped line 1111: Le libellé client existe déjà.
1044,Skipped,Skipped line 1044: Le libellé client existe déjà.
984,Skipped,Skipped line 984: Le libellé client existe déjà.
1120,Skipped,Skipped line 1120: Le libellé client existe déjà.
791,Skipped,Skipped line 791: Le libellé client existe déjà.
986,Skipped,Skipped line 986: Le libellé client existe déjà.
413,Skipped,Skipped line 413: Le libellé client existe déjà.
50,Skipped,Skipped line 50: Le libellé client existe déjà.
865,Skipped,Skipped line 865: Le libellé client existe déjà.
866,Skipped,Skipped line 866: Le libellé client existe déjà.
56,Skipped,Skipped line 56: Le libellé client existe déjà.
710,Skipped,Skipped line 710: Le libellé client existe déjà.
1046,Skipped,Skipped line 1046: Le libellé client existe déjà.
868,Skipped,Skipped line 868: Le libellé client existe déjà.
1096,Skipped,Skipped line 1096: Le libellé client existe déjà.
800,Skipped,Skipped line 800: Le libellé client existe déjà.
157,Skipped,Skipped line 157: Le libellé client existe déjà.
801,Skipped,Skipped line 801: Le libellé client existe déjà.
